"n","media_observada","media_teorica","erro_percentual","variancia_observada","variancia_teorica","desvio_padrao_observado","desvio_padrao_teorico","ic_inferior","ic_superior"
10,5.9704,6,0.493333333333338,0.56623007007007,0.6,0.752482604496655,0.774596669241483,4.48181842574201,7.51818157425799
30,5.97386666666667,6,0.435555555555552,0.203887603158714,0.2,0.451539149087556,0.447213595499958,5.12347745942342,6.87652254057658
50,6.00412,6,0.0686666666666724,0.113008834434434,0.12,0.336167866451323,0.346410161513775,5.3210485595543,6.6789514404457
100,6.00725,6,0.120833333333333,0.060549486986987,0.06,0.246068053568493,0.244948974278318,5.51990883236447,6.48009116763553
